activity_id,source_object,account_id,opportunity_id,contact_id,lead_id,contract_id,who_id,what_id,owner_id,subject,activity_type,subtype,status,priority,activity_date,start_datetime,end_datetime,description,created_at,updated_at,source_url,raw_record_id,raw_record_hash
SYN_ACT_0001,Event,SYN_ACC_0001,SYN_OPP_0001,SYN_CON_0001,,,SYN_CON_0001,SYN_OPP_0001,SYN_USR_0001,Discovery call,Meeting,Meeting,Completed,Normal,2026-04-08,2026-04-08T10:00:00+00:00,2026-04-08T10:45:00+00:00,Track security evidence and procurement terms before the decision meeting.,2026-04-07T10:00:00+00:00,2026-04-08T10:00:00+00:00,,CRM_ACT_0001,hash_activity_0001
SYN_ACT_0002,Task,SYN_ACC_0001,SYN_OPP_0001,SYN_CON_0001,,,SYN_CON_0001,SYN_OPP_0001,SYN_USR_0001,Send proposal,Email,Email,Completed,High,2026-04-29,,,Track security evidence and procurement terms before the decision meeting.,2026-04-28T10:00:00+00:00,2026-04-29T10:00:00+00:00,,CRM_ACT_0002,hash_activity_0002
SYN_ACT_0003,Task,SYN_ACC_0001,SYN_OPP_0001,SYN_CON_0001,,,SYN_CON_0001,SYN_OPP_0001,SYN_USR_0001,Answer open stakeholder question,Follow-up,Follow-up,Open,High,2026-05-11,,,Mid-funnel deal with positive Operations support and unresolved security plus procurement blockers.,2026-05-10T10:00:00+00:00,2026-05-11T10:00:00+00:00,,CRM_ACT_0003,hash_activity_0003
SYN_ACT_0004,Event,SYN_ACC_0001,SYN_OPP_0001,SYN_CON_0001,,,SYN_CON_0001,SYN_OPP_0001,SYN_USR_0001,Technical review,Meeting,Meeting,Completed,Normal,2026-05-03,2026-05-03T10:00:00+00:00,2026-05-03T10:45:00+00:00,Track security evidence and procurement terms before the decision meeting.,2026-05-02T10:00:00+00:00,2026-05-03T10:00:00+00:00,,CRM_ACT_0004,hash_activity_0004
SYN_ACT_0005,Task,SYN_ACC_0001,SYN_OPP_0001,SYN_CON_0001,,,SYN_CON_0001,SYN_OPP_0001,SYN_USR_0001,Prepare decision summary,Call,Call,Open,Normal,2026-05-16,,,Track security evidence and procurement terms before the decision meeting.,2026-05-15T10:00:00+00:00,2026-05-16T10:00:00+00:00,,CRM_ACT_0005,hash_activity_0005
SYN_ACT_0006,Event,SYN_ACC_0002,SYN_OPP_0002,SYN_CON_0005,,,SYN_CON_0005,SYN_OPP_0002,SYN_USR_0001,Discovery call,Meeting,Meeting,Completed,Normal,2026-04-08,2026-04-08T10:00:00+00:00,2026-04-08T10:45:00+00:00,Account is stalled after an unanswered procurement question.,2026-04-07T10:00:00+00:00,2026-04-08T10:00:00+00:00,,CRM_ACT_0006,hash_activity_0006
SYN_ACT_0007,Task,SYN_ACC_0002,SYN_OPP_0002,SYN_CON_0005,,,SYN_CON_0005,SYN_OPP_0002,SYN_USR_0001,Send proposal,Email,Email,Completed,High,2026-04-29,,,Account is stalled after an unanswered procurement question.,2026-04-28T10:00:00+00:00,2026-04-29T10:00:00+00:00,,CRM_ACT_0007,hash_activity_0007
SYN_ACT_0008,Task,SYN_ACC_0002,SYN_OPP_0002,SYN_CON_0005,,,SYN_CON_0005,SYN_OPP_0002,SYN_USR_0001,Answer open stakeholder question,Follow-up,Follow-up,Open,High,2026-05-11,,,Stalled account after a procurement question went unanswered.,2026-05-10T10:00:00+00:00,2026-05-11T10:00:00+00:00,,CRM_ACT_0008,hash_activity_0008
SYN_ACT_0009,Event,SYN_ACC_0002,SYN_OPP_0002,SYN_CON_0005,,,SYN_CON_0005,SYN_OPP_0002,SYN_USR_0001,Technical review,Meeting,Meeting,Completed,Normal,2026-05-03,2026-05-03T10:00:00+00:00,2026-05-03T10:45:00+00:00,Account is stalled after an unanswered procurement question.,2026-05-02T10:00:00+00:00,2026-05-03T10:00:00+00:00,,CRM_ACT_0009,hash_activity_0009
SYN_ACT_0010,Task,SYN_ACC_0002,SYN_OPP_0002,SYN_CON_0005,,,SYN_CON_0005,SYN_OPP_0002,SYN_USR_0001,Prepare decision summary,Call,Call,Open,Normal,2026-05-16,,,Account is stalled after an unanswered procurement question.,2026-05-15T10:00:00+00:00,2026-05-16T10:00:00+00:00,,CRM_ACT_0010,hash_activity_0010
SYN_ACT_0011,Event,SYN_ACC_0003,SYN_OPP_0003,SYN_CON_0008,,SYN_CTR_0001,SYN_CON_0008,SYN_OPP_0003,SYN_USR_0001,Discovery call,Meeting,Meeting,Completed,Normal,2026-04-08,2026-04-08T10:00:00+00:00,2026-04-08T10:45:00+00:00,Compliance is resolved; prepare pilot proposal with clear milestones.,2026-04-07T10:00:00+00:00,2026-04-08T10:00:00+00:00,,CRM_ACT_0011,hash_activity_0011
SYN_ACT_0012,Task,SYN_ACC_0003,SYN_OPP_0003,SYN_CON_0008,,SYN_CTR_0001,SYN_CON_0008,SYN_OPP_0003,SYN_USR_0001,Send proposal,Email,Email,Completed,High,2026-04-29,,,Compliance is resolved; prepare pilot proposal with clear milestones.,2026-04-28T10:00:00+00:00,2026-04-29T10:00:00+00:00,,CRM_ACT_0012,hash_activity_0012
SYN_ACT_0013,Task,SYN_ACC_0003,SYN_OPP_0003,SYN_CON_0008,,SYN_CTR_0001,SYN_CON_0008,SYN_OPP_0003,SYN_USR_0001,Answer open stakeholder question,Follow-up,Follow-up,Open,High,2026-05-11,,,Late-stage positive momentum with compliance resolved and a pilot proposal requested.,2026-05-10T10:00:00+00:00,2026-05-11T10:00:00+00:00,,CRM_ACT_0013,hash_activity_0013
SYN_ACT_0014,Event,SYN_ACC_0003,SYN_OPP_0003,SYN_CON_0008,,SYN_CTR_0001,SYN_CON_0008,SYN_OPP_0003,SYN_USR_0001,Technical review,Meeting,Meeting,Completed,Normal,2026-05-03,2026-05-03T10:00:00+00:00,2026-05-03T10:45:00+00:00,Compliance is resolved; prepare pilot proposal with clear milestones.,2026-05-02T10:00:00+00:00,2026-05-03T10:00:00+00:00,,CRM_ACT_0014,hash_activity_0014
SYN_ACT_0015,Task,SYN_ACC_0003,SYN_OPP_0003,SYN_CON_0008,,SYN_CTR_0001,SYN_CON_0008,SYN_OPP_0003,SYN_USR_0001,Prepare decision summary,Call,Call,Open,Normal,2026-05-16,,,Compliance is resolved; prepare pilot proposal with clear milestones.,2026-05-15T10:00:00+00:00,2026-05-16T10:00:00+00:00,,CRM_ACT_0015,hash_activity_0015
SYN_ACT_0016,Task,SYN_ACC_0002,SYN_OPP_0002,SYN_CON_0006,,,SYN_CON_0006,SYN_OPP_0002,SYN_USR_0001,Respond to procurement milestone question,Follow-up,Email,Open,High,2026-04-22,,,Femke asked whether spreadsheet connector work and success metrics affect payment milestones. No response is recorded.,2026-04-17T12:00:00+00:00,2026-04-21T15:00:00+00:00,,CRM_ACT_0016,hash_activity_0016
